,,MUNICÍPIO DE PARANAVAÍ,,,,,,,,,,,
,,Prestaçăo de Contas,,,,,,,,,,,
,,"IEGM - Açőes e Metas, Programas e Indicadores",,,,,,,,,,,
,,PPA: 2026 - 2029 LDO: 2026,,,,,,,,,,,
Açőes e Metas,,,,,,,,,,,,,
Código Programa,Código da Açăo,,,Descriçăo,,Descriçăo da Meta,Unidade Medida,Meta Física Estimada,Meta Física Alcançada,Dotaçăo Final,,,Valor Liquidado
0000,2044,,,Contribuiçăo para Formaçăo do PASEP,,Outros Produtos,Outras Unidades e Medidas,1.0000,"0,7963","5.050.000,00",,,"4.021.461,64"
0000,2790,,,Dívida Interna,,Apoio Administrativo,Outras Unidades e Medidas,20.0000,"11,1526","41.578.237,83",,,"23.185.308,80"
0000,2800,,,Precatórios Judiciais,,Outros Produtos,Outras Unidades e Medidas,1.0000,0,"6.907.900,00",,,"0,00"
0000,2801,,,Sentenças Judiciais,,Outros Produtos,Outras Unidades e Medidas,1.0000,"0,7759","600.000,00",,,"465.547,80"
0002,2020,,,Outros Encargos com Pessoal,,Outros Produtos,Outras Unidades e Medidas,1.0000,"0,5259","1.405.000,00",,,"738.866,04"
0002,2021,,,Atividades de Tecnologia da Informaçăo,,Apoio Administrativo,Outras Unidades e Medidas,1.0000,"0,4449","2.650.000,00",,,"1.179.078,69"
0002,2030,,,Atividades Administrativas,,Apoio Administrativo,Outras Unidades e Medidas,1.0000,"0,4491","3.523.000,00",,,"1.582.304,96"
0002,2031,,,Atividades Diretoria de Patrimônio,,Apoio Administrativo,Outras Unidades e Medidas,1.0000,"0,4711","520.000,00",,,"244.981,54"
0002,2033,,,Obras e Reformas Administrativas,,Apoio Administrativo,Outras Unidades e Medidas,10.0000,"5,7273","498.500,00",,,"285.508,02"
0002,2034,,,Atividades de Diretoria de Compras,,Apoio Administrativo,Outras Unidades e Medidas,1.0000,"0,456","2.500.000,00",,,"1.139.961,25"
0002,2035,,,Ouvidoria Geral,,Pessoas Atendidas,Pessoas,1.0000,"0,3105","172.500,00",,,"53.557,11"
0002,2041,,,Atividades Diretoria Especial de Recursos Humanos,,Apoio Administrativo,Outras Unidades e Medidas,1.0000,"0,4499","1.458.000,00",,,"655.978,53"
0002,2043,,,Outros Encargos com Pessoal,,Outros Produtos,Outras Unidades e Medidas,1.0000,"0,5932","738.500,00",,,"438.044,12"
0002,2050,,,Atividades de Diretoria de Compras,,Apoio Administrativo,Outras Unidades e Medidas,10.0000,0,"0,00",,,"0,00"
0002,2060,,,Atividades de Diretoria de Finanças,,Apoio Administrativo,Outras Unidades e Medidas,1.0000,"0,519","5.896.500,00",,,"3.060.407,74"
0002,2070,,,Atividades Diretoria de Receitas,,Outros Produtos,Outras Unidades e Medidas,1.0000,"0,5265","5.512.000,00",,,"2.901.962,64"
0002,2075,,,Atividades - Rodoviária Municipal,,Outros Produtos,Outras Unidades e Medidas,1.0000,0,"10.050.000,00",,,"0,00"
0002,2081,,,Atividades da Junta de Alistamento Militar,,Outros Produtos,Outras Unidades e Medidas,1.0000,"0,2395","170.000,00",,,"40.721,81"
0002,2082,,,Atividades do Tiro de Guerra,,Outros Produtos,Outras Unidades e Medidas,1.0000,"0,1789","714.000,00",,,"127.756,66"
0002,2090,,,Atividade - Cemitério Municipal,,Outros Produtos,Outras Unidades e Medidas,1.0000,"0,0348","2.050.000,00",,,"71.438,16"
0002,2092,,,Encargos com Pessoal - Sedur,,Outros Produtos,Outras Unidades e Medidas,1.0000,"0,5897","695.000,00",,,"409.820,97"
0002,2100,,,Atividade Governamental,,Apoio Administrativo,Outras Unidades e Medidas,1.0000,"0,3432","2.070.500,00",,,"710.630,87"
0002,2101,,,Promoçăo da Igualdade Racial,,Outros Produtos,Outras Unidades e Medidas,1.0000,0,"50.000,00",,,"0,00"
0002,2105,,,Atividades de Convęnio com Estados c/ Estados e Uniăo,,Outros Produtos,Outras Unidades e Medidas,1.0000,"0,0611","16.992.729,99",,,"1.038.299,35"
0002,2120,,,Atividades de Comunicaçăo Social,,Outros Produtos,Outras Unidades e Medidas,1.0000,"0,3143","1.757.000,00",,,"552.291,01"
0002,2130,,,Atividades Administrativas - SEDEC,,Apoio Administrativo,Outras Unidades e Medidas,1.0000,"0,0443","25.829.865,38",,,"1.143.754,38"
0002,2132,,,Fundo Garantindor,,Pessoas Atendidas,Pessoas,1.0000,"0,1666","50.000,00",,,"8.329,85"
0002,2142,,,Atividades Administrativas,,Apoio Administrativo,Outras Unidades e Medidas,1.0000,"0,3932","4.241.181,11",,,"1.667.496,46"
0002,2150,,,Atividades Administrativas,,Apoio Administrativo,Outras Unidades e Medidas,1.0000,"0,4317","3.760.500,00",,,"1.623.326,13"
0002,2161,,,Encargos com Pessoal - SEDEC,,Servidores Atendidos,Pessoas,100.0000,"36,9517","240.000,00",,,"88.684,01"
0002,2271,,,Atividades de Fiscalizaçăo de Receitas - TEPP,,Apoio Administrativo,Outras Unidades e Medidas,1.0000,"0,0581","1.670.000,00",,,"97.000,44"
0002,2371,,,Atividades de Convęnios com Estados e Uniăo,,Outros Produtos,Outras Unidades e Medidas,1.0000,"0,0377","207.833,04",,,"7.836,93"
0002,2410,,,Atividades Administrativas,,Apoio Administrativo,Outras Unidades e Medidas,30.0000,"15,1135","1.451.000,00",,,"731.563,91"
0002,2421,,,Encargos com Pessoal - INFRA,,Apoio Administrativo,Outras Unidades e Medidas,100.0000,"49,5899","918.000,00",,,"455.235,01"
0002,2661,,,Atividades de Assessoria Jurídica,,Apoio Administrativo,Outras Unidades e Medidas,1.0000,"0,4567","5.087.000,00",,,"2.323.225,27"
0002,2662,,,Verba Honorária  de Atividade Jurídica,,Servidores Atendidos,Pessoas,7.0000,"1,9257","2.627.557,35",,,"722.839,68"
0002,2664,,,Atividades Administrativas,,Apoio Administrativo,Outras Unidades e Medidas,1.0000,"0,1488","75.000,00",,,"11.160,00"
0002,2665,,,Encargos com Pessoal - PGM,,Outros Produtos,Outras Unidades e Medidas,1.0000,"0,5057","644.000,00",,,"325.674,45"
0002,2671,,,Atividades de Orientaçăo e Defesa do Consumidor,,Apoio Administrativo,Outras Unidades e Medidas,1.0000,"0,1591","2.124.500,00",,,"338.049,23"
0002,2681,,,Atividades de Defensoria Pública,,Apoio Administrativo,Outras Unidades e Medidas,1.0000,0,"10.000,00",,,"0,00"
0002,2690,,,Atividades Administrativas - Controladoria,,Apoio Administrativo,Outras Unidades e Medidas,1.0000,"0,5213","1.155.000,00",,,"602.153,07"
0002,2691,,,Ouvidoria Geral,,Outros Produtos,Outras Unidades e Medidas,1.0000,0,"0,00",,,"0,00"
0002,2693,,,Encargos com Pessoal - CGM,,Outros Produtos,Outras Unidades e Medidas,1.0000,"0,4707","145.000,00",,,"68.245,88"
0002,2731,,,Atividades da Junta Alistamento Militar,,Outros Produtos,Outras Unidades e Medidas,1.0000,0,"0,00",,,"0,00"
0002,2732,,,Atividades do Tiro de Guerra,,Apoio Administrativo,Outras Unidades e Medidas,1.0000,0,"0,00",,,"0,00"
0002,2870,,,Atividades Administrativas,,Adolescentes Atendidos,Pessoas,1.0000,"0,4631","3.331.000,00",,,"1.542.562,55"
0002,2880,,,Atividades Administrativas,,Apoio Administrativo,Outras Unidades e Medidas,1.0000,"0,4398","2.851.011,31",,,"1.253.874,72"
0002,2886,,,Atividades de Convęnio c/ Estado e Uniăo,,Outros Produtos,Outras Unidades e Medidas,1.0000,"0,824","45.455,03",,,"37.455,03"
0005,1055,,,"Construçăo, Reforma e Ampliaçăo de Unidades Escolares",,Escola Construída/Ampliada ou Reformada,Metros Quadrados,20.0000,0,"0,00",,,"0,00"
0005,1060,,,"Construçăo, Reforma e Ampliaçăo de Unidades Escolares",,Escola Construída/Ampliada ou Reformada,Metros Quadrados,1.0000,0,"600.000,00",,,"0,00"
0005,1615,,,Aquisiçăo de Veículos Automotores - Seduc,,ônibus/Micro-ônibus,Unidade,10.0000,0,"0,00",,,"0,00"
0005,1620,,,Construçăo de Quadras Poliesportivas,,Edificaçăo Construída,Metros Quadrados,1.0000,0,"0,00",,,"0,00"
0005,2430,,,Educaçăo Básica - FUNDEB 70%,,Outros Produtos,Outras Unidades e Medidas,1.0000,"0,5124","48.659.000,00",,,"24.933.980,14"
0005,2440,,,Educaçăo Básica - FUNDEB 30%,,Apoio Administrativo,Outras Unidades e Medidas,1.0000,"0,6408","17.278.009,68",,,"11.071.001,36"
0005,2441,,,Educaçăo Infantil (Creche) - FUNDEB 70%,,Apoio Administrativo,Outras Unidades e Medidas,1.0000,"0,9071","12.637.437,00",,,"11.463.638,00"
0005,2442,,,Manutençăo EJA - FUNDEB 30%,,Apoio Administrativo,Outras Unidades e Medidas,1.0000,0,"98.100,00",,,"0,00"
0005,2443,,,Educaçăo Infantil (Creche) - FUNDEB 30%,,Apoio Administrativo,Outras Unidades e Medidas,1.0000,0,"96.900,00",,,"0,00"
0005,2444,,,Educaçăo Especial - FUNDEB 30%,,Outros Produtos,Outras Unidades e Medidas,1.0000,"0,4771","1.741.600,00",,,"830.940,81"
0005,2445,,,Educaçăo Especial - FUNDEB 70%,,Apoio Administrativo,Outras Unidades e Medidas,10.0000,"2,7842","375.200,00",,,"104.462,46"
0005,2446,,,Educaçăo Infantil (Pré-escola) - FUNDEB 70%,,Apoio Administrativo,Outras Unidades e Medidas,1.0000,"0,0009","12.487.437,00",,,"11.118,71"
0005,2447,,,Educaçăo Infantil (Pré-escola) - FUNDEB 30%,,Outros Produtos,Outras Unidades e Medidas,1.0000,"0,016","319.900,00",,,"5.120,27"
0005,2450,,,Manutençăo do Ensino Fundamental,,Apoio Administrativo,Outras Unidades e Medidas,10.0000,"5,5546","34.340.941,21",,,"19.075.075,03"
0005,2451,,,PRECATÓRIOS JUDICIAIS,,Outros Produtos,Outras Unidades e Medidas,1.0000,0,"6.000,00",,,"0,00"
0005,2452,,,Serviços da Dívida,,Outros Produtos,Outras Unidades e Medidas,1.0000,0,"50.000,00",,,"0,00"
0005,2457,,,Manutençăo EJA - FUNDEB 70%,,Apoio Administrativo,Outras Unidades e Medidas,1.0000,"0,2129","126.100,00",,,"26.849,53"
0005,2460,,,Atividades do Ensino Infantil (Creche),,Crianças Atendidas,Pessoas,1.0000,"0,8965","7.372.582,67",,,"6.609.549,98"
0005,2461,,,Atividades do Ensino Infantil (Pré-escola),,Crianças Atendidas,Pessoas,10.0000,"2,6375","7.170.202,66",,,"1.891.158,98"
0005,2466,,,Convęnios e Programas de Aplicaçăo em Educaçăo,,Outros Produtos,Outras Unidades e Medidas,1.0000,"0,0932","5.966.400,98",,,"556.030,66"
0005,2470,,,Atividades do EJA,,Alunos Atendidos,Pessoas,1.0000,0,"8.000,00",,,"0,00"
0005,2480,,,Programa Nacional de Alimentaçăo Escolar - PNAE,,Alunos Atendidos,Pessoas,100.0000,"47,4837","5.174.027,37",,,"2.456.819,26"
0005,2520,,,Salário Educaçăo,,Apoio Administrativo,Outras Unidades e Medidas,1.0000,"0,7278","4.035.000,00",,,"2.936.557,88"
0005,2530,,,PDDE - Programa Dinheiro Direto na Escola,,Apoio Administrativo,Outras Unidades e Medidas,1.0000,0,"10.000,00",,,"0,00"
0005,2560,,,Atividades de Manutençăo do Ensino - Recursos Livres,,Apoio Administrativo,Outras Unidades e Medidas,1.0000,"0,0019","86.000,00",,,"161,56"
0005,2562,,,Atividades do Transporte Escolar,,Alunos Atendidos,Pessoas,50.0000,"20,7224","8.100.366,22",,,"3.427.042,69"
0005,2563,,,Atividades de Educaçăo Especial,,Alunos Atendidos,Pessoas,10.0000,"0,917","899.000,00",,,"82.434,66"
0005,2564,,,Universidade Aberta do Brasil - UAB,,Outros Produtos,Outras Unidades e Medidas,1.0000,"0,0023","169.500,00",,,"396,17"
0006,1045,,,"Construçăo, Ampliaçăo e Reforma de Unidades Primárias em Saúde",,Obra Construída/Ampliada,Metros Quadrados,1.0000,"0,3523","2.444.622,00",,,"861.166,12"
0006,1046,,,"Construçăo, Ampliaçăo e Reforma de Unidades Especializadas em Saúde",,Obra Construída/Ampliada,Metros Quadrados,1.0000,"0,0741","11.981.000,00",,,"888.059,81"
0006,2218,,,CIUENP - Consórcio Intermunicipal de Urgęncia e Emergęncia do Noroeste do Paraná,,Outros Produtos,Outras Unidades e Medidas,1.0000,"0,5794","4.444.000,00",,,"2.574.875,93"
0006,2230,,,CIS - Consórcio Intermunicipal de Saúde,,Outros Produtos,Outras Unidades e Medidas,1.0000,"0,5437","11.299.667,92",,,"6.144.142,61"
0006,2240,,,Vigilância Sanitária,,Outros Produtos,Outras Unidades e Medidas,10.0000,"3,9239","3.232.593,68",,,"1.268.453,55"
0006,2241,,,TFD - Transporte fora do Domicílio,,Pacientes Atendidos,Pessoas,60.0000,"30,884","5.657.000,00",,,"2.911.844,50"
0006,2242,,,MAC - Média e Alta Complexidade,,Apoio Administrativo,Outras Unidades e Medidas,1.0000,"0,4112","9.194.518,97",,,"3.780.827,13"
0006,2243,,,UPA - Unidade de Pronto Atendimento,,Pacientes Atendidos,Pessoas,80.0000,"40,0378","18.670.520,20",,,"9.354.144,16"
0006,2244,,,Centro do Autismo - TEA,,Pessoas Atendidas,Pessoas,1.0000,"0,0088","4.064.000,00",,,"35.887,40"
0006,2250,,,Atençăo Primária em Saúde,,Apoio Administrativo,Outras Unidades e Medidas,1.0000,"0,4877","63.934.148,23",,,"31.199.565,93"
0006,2251,,,Conselho Municipal de Saúde,,Apoio Administrativo,Outras Unidades e Medidas,1.0000,"0,1699","70.000,00",,,"11.892,82"
0006,2252,,,Educaçăo e Formaçăo em Saúde,,Apoio Administrativo,Outras Unidades e Medidas,1.0000,0,"6.000,00",,,"0,00"
0006,2253,,,Transformaçăo digital no SUS,,Apoio Administrativo,Outras Unidades e Medidas,1.0000,0,"40.000,00",,,"0,00"
0006,2255,,,"Saúde Digital, Telessaúde e Inovaçăo no SUS",,Apoio Administrativo,Outras Unidades e Medidas,1.0000,0,"871.000,00",,,"0,00"
0006,2260,,,Vigilância em Saúde,,Outros Produtos,Outras Unidades e Medidas,1.0000,"0,5074","6.479.000,00",,,"3.287.641,78"
0006,2342,,,Assistęncia Farmacęutica,,Pacientes Atendidos,Pessoas,100.0000,"45,3629","4.762.975,24",,,"2.160.622,86"
0006,2348,,,Apoio Administrativo as Unidades de Saúde,,Apoio Administrativo,Outras Unidades e Medidas,1.0000,"0,4475","8.465.442,00",,,"3.788.535,69"
0006,2352,,,Controle da Natalidade de Căes e Gatos,,Outros Produtos,Outras Unidades e Medidas,1.0000,"0,52","490.000,00",,,"254.789,54"
0006,2360,,,Assistęncia Alimentar e Nutricional na Saúde,,Outros Produtos,Outras Unidades e Medidas,1.0000,"0,5497","1.016.338,90",,,"558.682,14"
0007,1585,,,Construçőes e Reforma de Unidade Assistenciais e Comunitárias,,Obra Construída/Ampliada,Metros Quadrados,20.0000,"0,5369","591.000,00",,,"15.866,75"
0007,2570,,,Atividades Administrativas,,Apoio Administrativo,Outras Unidades e Medidas,1.0000,"0,5777","3.622.845,45",,,"2.093.053,74"
0007,2570,,,Atividades Administrativas,,Apoio Administrativo,Outras Unidades e Medidas,1.0000,"0,5777","3.622.845,45",,,"2.093.053,74"
0007,2571,,,Segurança Alimentar e Nutricional,,Outros Produtos,Outras Unidades e Medidas,1.0000,"0,3191","2.600.000,00",,,"829.709,09"
0007,2580,,,Transferęncias Voluntárias - Proteçăo Social Básica,,Outros Produtos,Outras Unidades e Medidas,1.0000,"0,5287","3.301.000,00",,,"1.745.367,43"
0007,2581,,,Transferęncias Voluntárias - Proteçăo Social Especial,,Outros Produtos,Outras Unidades e Medidas,1.0000,"0,5494","2.976.000,00",,,"1.635.021,90"
0007,2590,,,Atividades dos Conselhos de Direitos e Políticas,,Outros Produtos,Outras Unidades e Medidas,1.0000,"0,2498","16.000,00",,,"3.997,26"
0007,2610,,,"Capacitaçăo de Conselheiros, Gestores e Técnicos Rede Conveniada",,Apoio Administrativo,Outras Unidades e Medidas,10.0000,0,"6.000,00",,,"0,00"
0007,2611,,,Atividades com Transferęncias do Estado e Uniăo,,Apoio Administrativo,Outras Unidades e Medidas,1.0000,"0,0446","355.701,56",,,"15.874,06"
0007,2620,,,Atividades do Fundo Municipal do Idoso,,Apoio Administrativo,Outras Unidades e Medidas,1.0000,"0,323","1.109.699,54",,,"358.425,84"
0007,2627,,,COMUD-CONSELHO MUNICIPAL DE POLITICAS PUBLICAS S/ DROGAS,,Apoio Administrativo,Outras Unidades e Medidas,1.0000,0,"11.000,00",,,"0,00"
0007,2630,,,RESIDENCIA INCLUSIVA PARA PESSOAS COM DEFICIENCIA,,Outros Produtos,Outras Unidades e Medidas,1.0000,0,"6.000,00",,,"0,00"
0007,2632,,,ATIVIDADES DO CONSELHO MUNICIPAL DOS DIREITOS DA PESSOA COM DEFICIENCIA - CMDPCD,,Apoio Administrativo,Outras Unidades e Medidas,10.0000,0,"12.600,00",,,"0,00"
0007,2633,,,ProVida,,Outros Produtos,Outras Unidades e Medidas,1.0000,0,"7.000,00",,,"0,00"
0007,2634,,,Família Acolhedora,,Outros Produtos,Outras Unidades e Medidas,1.0000,"0,1668","336.000,00",,,"56.055,22"
0007,2639,,,Atividades do Fundo Municipal dos Direitos das Mulheres-FMDM,,Apoio Administrativo,Outras Unidades e Medidas,1.0000,"0,123","316.951,68",,,"38.985,96"
0007,2640,,,Políticas Públicas para Mulheres,,Outros Produtos,Outras Unidades e Medidas,1.0000,0,"130.000,00",,,"0,00"
0007,2641,,,Gestăo Administrativa do Fundo de Assistęncia Social,,Outros Produtos,Outras Unidades e Medidas,1.0000,"0,0857","48.000,00",,,"4.113,88"
0007,2642,,,Bloco de Gestăo do SUAS - IGD-SUAS,,Outros Produtos,Outras Unidades e Medidas,1.0000,0,"20.000,00",,,"0,00"
0007,2643,,,Bloco de Gestăo do Programa Bolsa Família e Cadastro Único,,Pessoas Atendidas,Pessoas,1.0000,"0,496","320.994,01",,,"159.206,39"
0007,2644,,,Bloco da Proteçăo Social Básica,,Pessoas Atendidas,Pessoas,1.0000,"0,4206","5.151.796,41",,,"2.174.551,83"
0007,2645,,,Bloco da Proteçăo Social Especial de Média e Alta Complexidade (MAC),,Pessoas Atendidas,Pessoas,1.0000,"0,4343","4.290.285,91",,,"1.863.150,75"
0007,2646,,,Gestăo de Benefícios Eventuais,,Pessoas Atendidas,Pessoas,1.0000,"0,2477","887.335,69",,,"219.765,56"
0007,2647,,,Execuçăo de Emendas Parlamentares para a Assistęncia Social,,Apoio Administrativo,Outras Unidades e Medidas,1.0000,"0,5845","3.157.013,74",,,"1.845.366,77"
0007,2648,,,Fortalecimento do Controle Social (Conselho de Assistęncia Social),,Apoio Administrativo,Outras Unidades e Medidas,1.0000,0,"30.000,00",,,"0,00"
0007,2649,,,PROCADSUAS,,Outros Produtos,Outras Unidades e Medidas,1.0000,"0,0385","62.578,64",,,"2.411,98"
0007,5601,,,Construçőes e Reforma de Unidade Assistenciais e Comunitárias para Infância E Adolescęncia,,Obra Construída/Ampliada,Metros Quadrados,80.0000,0,"2.000.000,00",,,"0,00"
0007,6600,,,"Açőes de Proteçăo, Defesa e Garantia de Direitos da Criança e Adolescente",,Adolescentes Atendidos,Pessoas,40.0000,"16,3083","365.782,59",,,"149.132,00"
0007,6603,,,Atividades do Conselho Tutelar,,Apoio Administrativo,Outras Unidades e Medidas,1.0000,"0,4293","483.000,00",,,"207.346,08"
0007,6607,,,Centro da Juventude,,Adolescentes Atendidos,Pessoas,20.0000,"0,778","48.000,00",,,"1.867,22"
0007,6610,,,Sistema Municipal de Atendimento Socioeducativo - SIMASE,,Apoio Administrativo,Outras Unidades e Medidas,1.0000,0,"40.000,00",,,"0,00"
0007,6901,,,Contribuiçőes e Legados,,Outros Produtos,Outras Unidades e Medidas,1.0000,"0,1298","470.397,00",,,"61.058,42"
0007,6907,,,ABRIGO PARA ADOLESCENTES SEXO MASCULINO,,Adolescentes Atendidos,Pessoas,10.0000,0,"6.000,00",,,"0,00"
0008,2172,,,Atividades de Convęnios c/ Estados e Uniăo,,Apoio Administrativo,Outras Unidades e Medidas,50.0000,0,"8.000,00",,,"0,00"
0008,2210,,,Atividades do Fundo Municipal de Desenvolvimento,,Outros Produtos,Outras Unidades e Medidas,1.0000,"0,0113","50.000,00",,,"565,73"
0009,1885,,,Reforma/Ampliaçăo de Unidades Culturais,,Obra Construída/Ampliada,Metros Quadrados,30.0000,"8,892","1.365.000,00",,,"404.586,38"
0009,2881,,,Eventos Culturais,,Pessoas Atendidas,Pessoas,100.0000,"45,6737","2.384.000,00",,,"1.088.861,05"
0009,2882,,,Atividades de Incentivos a  Açőes Culturais - Lei Paulo Gustavo (LPG),,Pessoas Atendidas,Pessoas,100.0000,0,"250.000,00",,,"0,00"
0009,2883,,,Fomento Cultural -Política Nacional Aldir Blanc-PNAB,,Pessoas Atendidas,Pessoas,100.0000,0,"1.043.944,99",,,"0,00"
0009,2884,,,"Obras, Reformas e Aquisiçăo de Bens Culturais - Política Nacional Aldir Blanc - PNAB",,Obra Construída/Ampliada,Metros Quadrados,50.0000,0,"50.000,00",,,"0,00"
0009,2885,,,Custo Operacional - Política Nacional Aldir Blanc - PNAB,,Apoio Administrativo,Outras Unidades e Medidas,1.0000,0,"40.000,00",,,"0,00"
0009,2887,,,Atividades Fundo Municipal de Cultura,,Outros Produtos,Outras Unidades e Medidas,1.0000,0,"150.000,00",,,"0,00"
0009,2888,,,Implementar a Política Nacional de Cultura Viva - Política Nacional Aldir Blanc - PNAB,,Pessoas Atendidas,Pessoas,30.0000,0,"190.000,00",,,"0,00"
0010,1047,,,Instalaçăo e Manutençăo de Unidades Esportivas,,Obra Construída/Ampliada,Metros Quadrados,30.0000,"4,1598","2.111.655,35",,,"292.799,09"
0010,2874,,,Eventos Esportivos,,Pessoas Atendidas,Pessoas,50.0000,"16,5729","1.165.000,00",,,"386.147,66"
0010,2877,,,Atividades de Convęnios com Estado e Uniăo,,Pessoas Atendidas,Pessoas,100.0000,"90,9255","99.500,00",,,"90.470,84"
0011,1091,,,Implantaçăo do Novo Centro Administrativo,,Obra Construída/Ampliada,Metros Quadrados,10.0000,0,"50.000,00",,,"0,00"
0011,2091,,,"Atividades de Planejamento, Orçamentos e Projetos",,Apoio Administrativo,Outras Unidades e Medidas,1.0000,"0,5321","6.656.201,48",,,"3.541.654,48"
0011,2095,,,Atividades Iluminaçăo Pública,,Apoio Administrativo,Outras Unidades e Medidas,1.0000,"0,293","18.282.800,00",,,"5.356.619,33"
0012,1155,,,"Obras de Revitalizaçăo, Preservaçăo e Controle Ambiental",,Obra Construída/Ampliada,Metros Quadrados,20.0000,"7,4751","2.366.540,00",,,"884.502,10"
0012,2152,,,Atividades de Convęnios c/ Estados e Uniăo,,Outros Produtos,Outras Unidades e Medidas,10.0000,0,"110.000,00",,,"0,00"
0012,2200,,,Atividades do FMMA,,Apoio Administrativo,Outras Unidades e Medidas,1.0000,0,"85.805,21",,,"0,00"
0012,2201,,,Compensaçăo Financeira ao Meio Ambiente do Município,,Outros Produtos,Outras Unidades e Medidas,1.0000,"0,4527","1.929.861,19",,,"873.678,19"
0012,2202,,,Consórcio Intermunicipal Caiuá - Ambiental (CICA),,Apoio Administrativo,Outras Unidades e Medidas,1.0000,"0,7618","6.006.603,37",,,"4.575.853,93"
0012,2203,,,Consórcio Intermunicipal de Saneamento do Paraná - CISPAR,,Apoio Administrativo,Outras Unidades e Medidas,10.0000,0,"10.000,00",,,"0,00"
0012,2781,,,Atividades de Coleta de Lixo,,Pessoas Atendidas,Pessoas,100.0000,"45,4729","15.002.830,53",,,"6.822.221,28"
0013,2140,,,Atividades de Fomento e Marketing Agropecuário,,Apoio Administrativo,Outras Unidades e Medidas,1.0000,"0,6957","3.637.623,43",,,"2.539.580,28"
0013,2141,,,Consórcio Intermunicipal Caiuá - Ambiental (CICA),,Apoio Administrativo,Outras Unidades e Medidas,1.0000,"0,9861","470.000,00",,,"463.465,43"
0013,2144,,,Atividades de Convęnios com Estado e Uniăo,,Outros Produtos,Outras Unidades e Medidas,1.0000,"0,6724","6.999.696,16",,,"5.012.675,25"
0014,1100,,,"Obras de Pavimentaçăo, Recapeamento, Saneamento",,Pavimentaçăo de Vias,Metros Quadrados,40.0000,"2,5727","46.088.003,00",,,"2.964.244,65"
0014,2380,,,Atividades de Infraestrutura e Serviços Públicos,,Apoio Administrativo,Outras Unidades e Medidas,1.0000,"0,496","12.398.000,00",,,"6.149.608,33"
0014,2385,,,Aquisiçăo de Equipamentos e Imóveis,,Terrenos/Lotes Adquiridos,Metros Quadrados,20.0000,"0,0129","3.065.000,00",,,"1.980,00"
0014,2390,,,Manutençăo - Recursos (CIDE e Royalties),,Outros Produtos,Outras Unidades e Medidas,1.0000,"0,4417","3.492.271,39",,,"1.542.706,17"
0014,2400,,,CINDEPAR - CONSÓRCIO PÚBLICO INTERMUNICIPAL DE INOVOÇĂO,,Outros Produtos,Outras Unidades e Medidas,10.0000,0,"610.000,00",,,"0,00"
0015,2080,,,Atividades da Diretoria de Trânsito,,Apoio Administrativo,Outras Unidades e Medidas,1.0000,"0,3993","3.772.394,33",,,"1.506.425,24"
0015,2085,,,Atividades Guarda Municipal,,Outros Produtos,Outras Unidades e Medidas,1.0000,"0,4934","7.534.000,00",,,"3.717.220,06"
0015,2086,,,Atividades de Patrulhamento - FUMTRAN,,Apoio Administrativo,Outras Unidades e Medidas,1.0000,"0,4429","13.498.000,00",,,"5.978.790,18"
0016,2160,,,Atividades de Turismo,,Pessoas Atendidas,Pessoas,1.0000,0,"53.000,00",,,"0,00"
0017,6609,,,Combate a Deficięncia Nutricional Infantil,,Crianças Atendidas,Pessoas,30.0000,"9,4205","750.000,00",,,"235.512,00"
0018,2614,,,Programa Água Solidária,,Pessoas Atendidas,Pessoas,20.0000,"13,5328","402.000,00",,,"272.008,29"
0019,2102,,,Atividades de Programas e Projetos Habitacionais,,Apoio Administrativo,Outras Unidades e Medidas,1.0000,0,"62.000,00",,,"0,00"
0020,2104,,,Programa Construsocial,,Pessoas Atendidas,Pessoas,20.0000,0,"156.000,00",,,"0,00"
0021,2875,,,Atividades do Fundo Municipal de Apoio Esporte Amador,,Outros Produtos,Outras Unidades e Medidas,1.0000,"0,191","762.002,53",,,"145.535,30"
0022,2455,,,FUNDO ROTATIVO DA SECRETARIA MUNICIPAL DE EDUCAÇĂO,,Apoio Administrativo,Outras Unidades e Medidas,1.0000,"0,4383","2.380.000,00",,,"1.043.112,30"
0023,2566,,,Programa de Pacificaçăo Restaurativa,,Outros Produtos,Outras Unidades e Medidas,1.0000,"0,375","124.000,00",,,"46.500,00"
9999,9999,,,Reserva de Contingęncia,,Outros Produtos,Outras Unidades e Medidas,1.0000,0,"1.000.000,00",,,"0,00"
Programas e indicadores,,,,,,,,,,,,,
Código Programa,Descriçăo,,,,Descriçăo Indicador,,,,,Valor Estimado do Indicador,,,Valor Alcançado do Indicador
0000,ENCARGOS ESPECIAIS,,,,Projetos de Leis Apreciados,,,,,100.0000,,,0.0000
0002,APOIO ADMINISTRATIVO,,,,Índice Ipardes de Desempenho Municipal  ( IPDM),,,,,1.0000,,,0.0000
0002,APOIO ADMINISTRATIVO,,,,Apoio as Secretarias por meio de Projetos Finalísticos,,,,,1.0000,,,0.0000
0002,APOIO ADMINISTRATIVO,,,,Aposentados e Pensionistas,,,,,850.0000,,,0.0000
0002,APOIO ADMINISTRATIVO,,,,Projetos de Leis Apreciados,,,,,100.0000,,,0.0000
0005,EDUCAÇĂO,,,,Índice de Desenvolvimento da Educaçăo Básica ( IDEB),,,,,9.0000,,,0.0000
0005,EDUCAÇĂO,,,,Índice de Desenvolvimento da Educaçăo Básica ( IDEB) - Meta Projetada,,,,,1.0000,,,0.0000
0005,EDUCAÇĂO,,,,Taxa de Distorçăo Idade Série nos Ensino Fundamental e Médio,,,,,1.0000,,,0.0000
0005,EDUCAÇĂO,,,,Taxas de Rendimento Educacionais nos Ensinos Fundamental e Médio,,,,,1.0000,,,0.0000
0005,EDUCAÇĂO,,,,Taxa de Analfabetismo Segundo Faixa Etária,,,,,1.0000,,,0.0000
0005,EDUCAÇĂO,,,,Projetos de Leis Apreciados,,,,,100.0000,,,0.0000
0006,SAÚDE,,,,Taxa de Mortalidade ( Coeficiente de Mortalidade ),,,,,11.0000,,,0.0000
0006,SAÚDE,,,,Taxa Bruta de Natalidade,,,,,10.0000,,,0.0000
0006,SAÚDE,,,,Projetos de Leis Apreciados,,,,,100.0000,,,0.0000
0007,DESENVOLVIMENTO SOCIAL E CIDADANIA,,,,Índice de Gini da Renda Domiciliar Per Capita,,,,,1.0000,,,0.0000
0007,DESENVOLVIMENTO SOCIAL E CIDADANIA,,,,Produto Interno Bruto (PIB) Per capita,,,,,56.0000,,,0.0000
0007,DESENVOLVIMENTO SOCIAL E CIDADANIA,,,,Renda Média Domiciliar Per Capita,,,,,3.0000,,,0.0000
0007,DESENVOLVIMENTO SOCIAL E CIDADANIA,,,,Taxa de Atividade e de Ocupaçăo Segundo a Faixa Etária,,,,,85.0000,,,0.0000
0007,DESENVOLVIMENTO SOCIAL E CIDADANIA,,,,Famílias Carentes Cadastradas,,,,,1.0000,,,0.0000
0007,DESENVOLVIMENTO SOCIAL E CIDADANIA,,,,Registro de Violęncia Contra a Mulher,,,,,100.0000,,,0.0000
0007,DESENVOLVIMENTO SOCIAL E CIDADANIA,,,,Projetos de Leis Apreciados,,,,,100.0000,,,0.0000
0008,EMPREENDEDORISMO E TRABALHO,,,,Taxa de Crescimento Geométrico Populacional Segundo Tipo de Domicílio,,,,,1.0000,,,0.0000
0008,EMPREENDEDORISMO E TRABALHO,,,,Projetos de Leis Apreciados,,,,,100.0000,,,0.0000
0009,CULTURA,,,,Eventos Culturais,,,,,1.0000,,,0.0000
0009,CULTURA,,,,Projetos de Leis Apreciados,,,,,100.0000,,,0.0000
0010,"ESPORTE, JUVENTUDE E LAZER",,,,Eventos Esportivos,,,,,100.0000,,,0.0000
0010,"ESPORTE, JUVENTUDE E LAZER",,,,Projetos de Leis Apreciados,,,,,100.0000,,,0.0000
0011,DESENVOLVIMENTO URBANO,,,,Densidade Demográfica,,,,,1.0000,,,0.0000
0011,DESENVOLVIMENTO URBANO,,,,Apoio as Secretarias por meio de Projetos Finalísticos,,,,,1.0000,,,0.0000
0011,DESENVOLVIMENTO URBANO,,,,Projetos de Leis Apreciados,,,,,100.0000,,,0.0000
0012,"MEIO AMBIENTE, PAISAGISMO E BEM-ESTAR ANIMAL",,,,Controle de Gestăo Ambiental,,,,,1.0000,,,0.0000
0012,"MEIO AMBIENTE, PAISAGISMO E BEM-ESTAR ANIMAL",,,,Grau de Urbanizaçăo,,,,,1.0000,,,0.0000
0012,"MEIO AMBIENTE, PAISAGISMO E BEM-ESTAR ANIMAL",,,,Projetos de Leis Apreciados,,,,,100.0000,,,0.0000
0013,FOMENTO AGROPECUÁRIO E ABASTECIMENTO,,,,Índice de Desenvolvimento Humano ( IDHM),,,,,100.0000,,,0.0000
0013,FOMENTO AGROPECUÁRIO E ABASTECIMENTO,,,,Projetos de Leis Apreciados,,,,,100.0000,,,0.0000
0014,OBRAS E SERVIÇOS URBANOS,,,,Pavimentaçăo,,,,,100.0000,,,0.0000
0014,OBRAS E SERVIÇOS URBANOS,,,,Projetos de Leis Apreciados,,,,,100.0000,,,0.0000
0015,SEGURANÇA PÚBLICA E TRÂNSITO,,,,Projetos de Leis Apreciados,,,,,100.0000,,,0.0000
0015,SEGURANÇA PÚBLICA E TRÂNSITO,,,,Frota de Veículos Segundo os Tipos,,,,,150.0000,,,0.0000
0016,DESENVOLVIMENTO TURÍSTICO,,,,Cadastro do Ministério do Turismo ( CADASTUR),,,,,1.0000,,,0.0000
0016,DESENVOLVIMENTO TURÍSTICO,,,,Projetos de Leis Apreciados,,,,,100.0000,,,0.0000
0017,+ LEITE DAS CRIANÇAS,,,,Projetos de Leis Apreciados,,,,,100.0000,,,0.0000
0017,+ LEITE DAS CRIANÇAS,,,,Índice de Desenvolvimento Humano ( IDHM),,,,,100.0000,,,0.0000
0018,ÁGUA SOLIDÁRIA,,,,Projetos de Leis Apreciados,,,,,100.0000,,,0.0000
0018,ÁGUA SOLIDÁRIA,,,,Índice de Desenvolvimento Humano ( IDHM),,,,,100.0000,,,0.0000
0019,PARANAVAÍ MAIS HABITAÇĂO,,,,Projetos de Leis Apreciados,,,,,100.0000,,,0.0000
0020,CONSTRUSOCIAL,,,,Projetos de Leis Apreciados,,,,,100.0000,,,0.0000
0020,CONSTRUSOCIAL,,,,Índice de Desenvolvimento Humano ( IDHM),,,,,100.0000,,,0.0000
0021,PROGRAMA DE INCENTIVO AO ESPORTE AMADOR DE PARANAVAÍ,,,,Projetos de Leis Apreciados,,,,,100.0000,,,0.0000
0022,PROGRAMA FUNDO ROTATIVO,,,,Projetos de Leis Apreciados,,,,,100.0000,,,0.0000
0023,PROGRAMA DE PACIFICAÇĂO RESTAURATIVA DE PARANAVAÍ,,,,Projetos de Leis Apreciados,,,,,100.0000,,,0.0000
9999,RESERVA DE CONTINGĘNCIA,,,,Projetos de Leis Apreciados,,,,,100.0000,,,0.0000
9999,RESERVA DE CONTINGĘNCIA,,,,Reserva de Contingęncia,,,,,1.0000,,,0.0000
IPM Sistemas Ltda,,,Identificador: WPR3341101-27090-FFLAYLZRLDL-0 - Emitido por: Rodrigo Pozza,,,,,,,,24/07/2026 10:54:23 -03:00,,
Atende.Net - WPR v:2013.01,,,,,,,,,,,,,
